collocation;count;count_nested;length;lambda;z
it is;334;0;2;3.6135604737764364;49.64404559979143
of the;707;0;2;1.9351258861094882;41.48444370064467
it was;278;0;2;3.005666653668178;40.779487548127086
i have;299;0;2;2.8138886997804766;38.17767146071073
said holmes;109;0;2;5.017707114553912;38.066523488027045
in the;504;0;2;2.012465053301078;36.541448397912916
said he;140;0;2;3.9064770450989785;36.24068656446518
have been;130;0;2;4.0399168806820285;35.677140026335074
had been;116;0;2;3.985473154304098;34.05719823630231
that i;249;0;2;2.4478841432753073;33.04409206560612
to be;199;0;2;2.797908971226505;31.718570912006037
has been;68;0;2;4.498590811006425;30.00357371214186
there is;104;0;2;3.3399107205162117;28.651848321367535
with a;184;0;2;2.410132718108618;27.92474702784624
there was;106;0;2;3.114341955718544;27.107507251490187
upon the;196;0;2;2.539724997036209;26.66473930466826
you have;133;0;2;2.6143917067550335;26.52649720507989
he had;130;0;2;2.649447965989425;26.498501695850432
could not;64;0;2;3.892084703916085;26.26456755900226
that he;153;0;2;2.4023326595045917;26.142137371752185
would be;66;0;2;3.728516045434075;25.852712186044446
do not;59;0;2;4.014854289358138;25.743254406222558
at the;236;0;2;2.041649710510921;25.64398309348743
man who;38;0;2;5.069044466736815;25.453470366266433
think that;76;0;2;4.3763899731340405;25.019587046503258
he was;151;0;2;2.2399694356697886;24.5804007344479
we shall;48;0;2;4.328703255529912;24.52103302990369
you will;73;0;2;3.402664786498316;24.061430524266093
if you;69;0;2;3.4287854753699705;23.8696075032807
i should;99;0;2;3.3626836249250402;23.839848651525205
more than;31;0;2;5.212511749520192;23.802697434227042
i had;168;0;2;2.112417257713431;23.79015437584444
i shall;97;0;2;3.7594699188470875;23.77142127049334
you are;77;0;2;3.1548139343002397;23.613945790784204
a little;99;0;2;3.0193961908923512;23.506903778124848
no doubt;50;0;2;7.122704753299395;23.38309038050011
when i;82;0;2;3.044047918906246;23.27092300168276
there are;50;0;2;3.7404310401626057;23.17162672946334
should be;49;0;2;3.8637226999874748;22.99975471142009
do you;63;0;2;3.4211642711660444;22.820427281011764
lord st;28;0;2;8.544844904104613;22.803253051134735
must be;44;0;2;4.063227891815988;22.438991674029403
to me;134;0;2;2.2163605148124415;22.337563245467546
as i;118;0;2;2.278910082579488;22.227619745825763
did not;41;0;2;4.161685825122158;22.063249161771033
young lady;20;0;2;6.49853387557264;22.030604178899328
sherlock holmes;85;0;2;8.464405572651032;21.875110872013323
into the;125;0;2;2.6729664997527873;21.819228355457803
on the;141;0;2;2.350701205552639;21.77172619366566
but i;100;0;2;2.4253257642410757;21.664724644680806
they were;35;0;2;4.181923626445226;21.528413593385892
one of;93;0;2;2.6659535288619143;21.432259124145723
few minutes;18;0;2;6.931258562925068;21.13788518653866
i could;92;0;2;2.70589834797486;21.076875976979046
my own;44;0;2;4.2621318136415205;21.07084334759781
i think;78;0;2;3.2284271593081764;20.977407380226484
that she;70;0;2;2.944705031435209;20.948428947574413
let us;22;0;2;5.56355350129021;20.77743144382977
which i;103;0;2;2.2468619983932756;20.605079825242818
once more;21;0;2;5.616734742523374;20.548190277692253
and i;207;0;2;1.5609618193502799;20.259113906638937
a very;90;0;2;2.458639609229891;19.900347315244655
i was;186;0;2;1.6156453024400825;19.879487226163633
and then;68;0;2;3.5411902217133875;19.868983151354072
by the;123;0;2;2.251301663588161;19.847521151666534
his eyes;41;0;2;4.25801159727959;19.7431627633521
at once;34;0;2;4.433950978222789;19.717595914195595
could see;30;0;2;4.014780058169302;19.604656176740267
a man;80;0;2;2.592892077324435;19.467620117343255
in his;120;0;2;1.9270246663953472;19.279049664656387
my friend;37;0;2;4.654550799654343;19.247351218797345
may be;37;0;2;3.584475814019236;19.223125476360785
did you;42;0;2;3.5269578673123503;19.063201516611713
is a;143;0;2;1.7553545218195943;19.049587721758794
am sure;18;0;2;5.977822263667667;18.960768531425806
out of;75;0;2;2.5852303392484;18.917776311955826
years ago;13;0;2;7.66167596164802;18.804918200468716
his hand;39;0;2;3.7486792802549695;18.782846590349003
very much;26;0;2;4.257746511394071;18.741485788505067
his face;40;0;2;3.600067203145541;18.708024681424227
he has;54;0;2;2.8733652179019864;18.60430944520289
we were;40;0;2;3.2263062824973114;18.571082532284755
you can;44;0;2;3.3067716315820053;18.538995387327816
was a;160;0;2;1.6039459494630872;18.515210359172816
from the;136;0;2;1.867389437242835;18.359903440542567
the door;86;0;2;3.1613202868802883;18.321616434467334
might be;30;0;2;3.881824483086012;18.26352322985591
tell me;28;0;2;4.182827062365648;18.255599733698766
know what;22;0;2;4.389249721321598;18.25556597673863
she had;50;0;2;2.8141631116189787;18.176958465865425
that it;116;0;2;1.8346909695490936;18.16160700390051
such a;51;0;2;3.4364094065863284;18.016812608860974
let me;26;0;2;4.485275194177861;17.958097095395384
he said;37;0;2;3.8126838983012763;17.942393466876574
the matter;82;0;2;3.3802834691211823;17.854415634078677
at last;29;0;2;4.021334840811233;17.803753982409415
his head;33;0;2;4.364740173105403;17.729533041903093
when he;47;0;2;2.8528027594564334;17.722069038813004
baker street;29;0;2;9.278992458253281;17.711084998065548
we are;37;0;2;3.1710070529894945;17.66036282852996
the other;80;0;2;2.8924568751395947;17.464296721720324
far as;23;0;2;4.771328775838375;17.1854180596454
a few;61;0;2;4.893261043492448;17.17445662480079
that you;108;0;2;1.7881566447552961;17.156178064113366
too much;13;0;2;5.619416662503669;17.149367002278375
his hands;31;0;2;4.063334790516978;17.14330475304238
an hour;21;0;2;6.2783077148429705;16.981448242449122
as we;45;0;2;2.758044016707642;16.973954171896125
we have;54;0;2;2.4991514161218693;16.972907420539812
very well;20;0;2;4.410566481411203;16.84763068964963
or two;18;0;2;4.41356407357342;16.846626097567036
each other;13;0;2;6.12670371357022;16.81218126057075
to see;61;0;2;2.5383420790170357;16.792607622440745
so much;21;0;2;4.111698123897979;16.767693787581933
must have;33;0;2;3.299327653238778;16.733524089223327
it would;52;0;2;2.570519038467505;16.718707992045793
you know;39;0;2;3.070756677548945;16.71498020162654
an instant;20;0;2;6.2274745349047675;16.706496522555938
less than;13;0;2;5.755022746797915;16.69773086142967
a small;45;0;2;3.8148222548405935;16.692761572889598
his chair;29;0;2;4.431442814060167;16.611713224861937
of his;131;0;2;1.5744164229431892;16.51656969145354
our visitor;16;0;2;6.592516581113393;16.42608300749064
my dear;34;0;2;5.607204618944184;16.393949386410082
quite so;19;0;2;4.212660660740387;16.3919254766237
either side;10;0;2;6.4244326666791185;16.26853940047909
that there;53;0;2;2.489957520788988;16.243582801926994
you may;39;0;2;2.942261960197288;16.23730888109743
shall be;28;0;2;3.3957620296101254;16.217690192371393
an old;17;0;2;4.599642602892532;16.209021088505462
seemed to;52;0;2;4.818384129943253;16.20417272643751
and yet;46;0;2;3.9553964260389263;16.20218043346025
if i;48;0;2;2.5897035517796603;16.04750929900669
with his;68;0;2;2.0744275117885964;15.938096200730158
last night;11;0;2;5.429257441644537;15.884791607250548
boscombe pool;10;0;2;9.792922928856227;15.837724160582273
after all;18;0;2;4.194448232449146;15.82772205324873
i saw;43;0;2;3.4022481159666107;15.805255376975383
which he;61;0;2;2.1663876730714993;15.784297173834744
this morning;20;0;2;3.993916359004989;15.76894791351905
will be;31;0;2;3.070127947977208;15.741145727502417
they are;22;0;2;3.6417638835567905;15.740999142224506
why should;13;0;2;5.118610248137531;15.72362061695107
you see;40;0;2;2.7682515472369693;15.722389162960438
there were;30;0;2;3.077766626915481;15.677601416660218
can hardly;12;0;2;5.290315016670798;15.6738438520216
in front;35;0;2;4.77586543797809;15.636388350860509
two days;11;0;2;5.580359495823916;15.618348957267159
who had;35;0;2;2.8623786407749465;15.5732786012139
the house;63;0;2;2.942521702353301;15.56418364691086
would not;33;0;2;2.9164314702289356;15.555943817865163
at least;27;0;2;5.84877448164044;15.466993449313634
say that;29;0;2;3.7274913460138484;15.46119405480494
that we;55;0;2;2.2837443364138608;15.424162991864907
other side;12;0;2;4.945291035955546;15.388964855317239
what do;24;0;2;3.35694754373022;15.27416278359717
don't know;11;0;2;5.903858847877625;15.224415067085499
good enough;10;0;2;5.441238491589521;15.218003974591575
am afraid;14;0;2;6.934007650126203;15.193585655236895
shall soon;11;0;2;5.4223325331939725;15.134338907167283
i thought;39;0;2;3.3758886254346447;15.042264994619599
have no;35;0;2;2.7603054246844856;15.023893246576849
have done;22;0;2;3.9144510385620026;15.005506711462004
might have;26;0;2;3.325372781009928;14.997369710778576
to do;55;0;2;2.289164004191125;14.846001171665641
knew that;26;0;2;4.053685928977286;14.822411467568966
as far;20;0;2;4.237548871184149;14.821371073028011
our client;11;0;2;5.536566508721281;14.753044452701753
as he;60;0;2;2.0210226405932543;14.68766725555561
see that;37;0;2;2.694010063991437;14.626894097867401
my wife;21;0;2;4.081860588886419;14.586542609452207
the room;61;0;2;2.5210444163760757;14.58554093305389
away from;17;0;2;3.95997551751264;14.5139315660221
i knew;36;0;2;3.929326223062504;14.418392041431751
of course;51;0;2;5.317176452208534;14.341185283406949
miss stoner;15;0;2;8.643630596212066;14.314293552966088
we may;23;0;2;3.218518874905597;14.308507803206385
i can;46;0;2;2.4926400702791454;14.267236855401276
look at;18;0;2;3.937092034575986;14.224623078004916
tell you;24;0;2;3.37760080048539;14.202088759131476
will find;13;0;2;4.338104546856484;14.197051835582636
asked holmes;12;0;2;4.7505809676562185;14.110140797028006
then i;37;0;2;2.5662541391411593;14.046618510896032
i cannot;37;0;2;4.350688091861556;14.042403474520906
should like;12;0;2;4.442642253250276;14.039191198465776
my father;21;0;2;3.6409229950271427;14.03037668905075
two years;10;0;2;4.882576270432622;14.030015405011012
told me;16;0;2;4.256492494151761;14.026568165402788
as well;20;0;2;3.6182036686914225;13.9688170737313
may have;28;0;2;2.8705658089133816;13.956370808268707
he asked;23;0;2;3.5734081227380656;13.930020375965396
through the;47;0;2;3.023448459125315;13.911104867078818
have already;18;0;2;4.195715597177951;13.866954221064299
side of;30;0;2;3.890549329250768;13.780293620182887
i am;182;0;2;7.406352437807236;13.716136134138953
she was;46;0;2;2.1715042540907015;13.710422142116276
it seemed;23;0;2;3.492774382482846;13.671572882611258
in my;77;0;2;1.663017639230608;13.662855198486472
from his;45;0;2;2.1657444026465913;13.642088696317225
front of;32;0;2;4.4203156798837835;13.624942728216734
doubt that;22;0;2;3.851601282923818;13.598435522404936
no one;21;0;2;3.1445373427365158;13.593855177582551
my companion;22;0;2;5.469786580499689;13.543031606003114
when she;20;0;2;3.1952210134370187;13.484494894715178
neville st;16;0;2;9.342570262674585;13.484350339549026
could hardly;11;0;2;4.604627653522863;13.44428734676362
me to;64;0;2;1.8398852231174523;13.431089958724318
then he;28;0;2;2.7493493437668723;13.428680365835483
just as;19;0;2;3.3265628680097254;13.316618800597485
who is;33;0;2;2.493614861496573;13.311579422607803
waiting for;13;0;2;5.247292681876889;13.282307958296984
to go;33;0;2;2.8236909450802785;13.236137301383701
is not;48;0;2;2.0244911114462045;13.224230761974173
young man;12;0;2;4.1646939632307864;13.206781655872035
how did;11;0;2;4.238617239318288;13.178507184526552
upon his;42;0;2;2.159536130816524;13.16675347585283
remarked holmes;10;0;2;5.012898661181488;13.15421578449905
not know;21;0;2;3.081084781918166;13.146672361933954
who has;18;0;2;3.274931036214945;13.14211012662504
you must;28;0;2;2.743047400591296;13.140936289278251
come back;11;0;2;4.223518650996934;13.138739703130906
my mind;18;0;2;3.7083799977314387;13.12995418902305
i found;35;0;2;2.713070676380018;13.127541288456326
here is;21;0;2;3.2566171947764615;13.093127970693946
to say;32;0;2;2.839922947302156;13.077113975405716
would have;32;0;2;2.45642448210343;13.048395806854355
her husband;11;0;2;5.478595676740848;13.03602454807908
have heard;21;0;2;3.157482584338665;13.032806781966846
he remarked;19;0;2;3.8295185408859878;12.97227396327284
enough to;28;0;2;4.269509680955396;12.898605208408354
in this;48;0;2;2.00528188801057;12.897705707050434
made up;13;0;2;3.840711128029259;12.893172449566238
said i;49;0;2;1.9703985581355528;12.884926117991837
saw him;14;0;2;3.766891067733852;12.879959278837914
the window;42;0;2;3.1095320976324468;12.822504691652952
with the;136;0;2;1.2111079888237448;12.765572958372655
is quite;20;0;2;3.231488824080052;12.718643371517857
so far;11;0;2;4.304090326146488;12.714422404365951
he cried;18;0;2;3.8873683349090227;12.67602063181828
one side;12;0;2;3.954182657021252;12.642115856213346
he would;37;0;2;2.2258381046162152;12.624582787067766
one or;14;0;2;3.5860981610102134;12.609897546311165
know that;27;0;2;2.708734872185552;12.603497223320426
this is;40;0;2;2.11123304216212;12.601440928656405
will not;23;0;2;2.780804032332133;12.594309885766545
had no;27;0;2;2.5769006754421637;12.585098227036628
your son;11;0;2;4.3138913552024984;12.572210166561149
in a;135;0;2;1.1547786079538271;12.556006849494484
that is;80;0;2;1.4881052532734795;12.543650395574012
be able;12;0;2;4.57376965508411;12.54140985478625
to the;302;0;2;0.7848956997615453;12.48617241347949
have seen;17;0;2;3.4547062853221484;12.480669551222894
had gone;14;0;2;4.098895411108827;12.474831500950994
we must;18;0;2;3.1334344568784167;12.468746635743232
tell us;10;0;2;4.189485160117757;12.447391019469501
came to;35;0;2;2.4159932140967424;12.41417011509091
able to;28;0;2;4.6209537910632434;12.316906519407082
thank you;20;0;2;5.536706635866349;12.27194200192372
we had;36;0;2;2.14404449925135;12.2258656659128
i will;48;0;2;1.9582282098187855;12.180668861232881
what did;14;0;2;3.4468390130908015;12.147935891313512
i asked;27;0;2;3.009606561996869;12.144482344314984
the first;40;0;2;2.685025089452327;12.132229530922633
he is;68;0;2;1.5537271942020094;12.130700660348321
would give;10;0;2;4.217951360964899;12.127623910022825
came down;12;0;2;3.6845845748885324;12.124153047064958
not think;19;0;2;2.953575145433623;12.106853251551458
a long;28;0;2;2.7657363577667287;12.094898516356153
wish to;23;0;2;3.7595125334045494;12.070485464705902
very good;13;0;2;3.5830245928759332;12.061469854285512
i know;39;0;2;2.197127242194414;12.043684221781744
she has;19;0;2;2.897597562350027;12.038414580662456
came back;10;0;2;3.9959234802429573;12.019865835492846
said she;20;0;2;2.8210428690473153;12.018987583410281
the morning;42;0;2;2.4609240742895166;11.998087935281982
only one;14;0;2;3.3710244582745648;11.984507251941665
the most;40;0;2;2.592958280515811;11.978116612732208
his own;20;0;2;2.9724604195051993;11.942930313597012
to get;24;0;2;3.178270234759402;11.922936135645312
she cried;10;0;2;4.257701910085797;11.917343353311486
at present;12;0;2;4.550566079292436;11.915238859472337
had left;16;0;2;3.2951582282379923;11.899446417877796
do nothing;10;0;2;3.9856898120231183;11.870573018173054
for some;22;0;2;2.675828202417126;11.85504480761038
i must;37;0;2;2.223680473031576;11.842756123791212
far from;11;0;2;3.974682354571721;11.838802323600778
it seems;17;0;2;4.760459585344817;11.786052239779234
a large;22;0;2;3.7513086143845547;11.746851711428564
was no;32;0;2;2.2241139999028;11.738475424473277
as much;18;0;2;3.001873545037378;11.727101967942662
some time;12;0;2;3.540986254129108;11.704980455273546
the case;43;0;2;2.2852159161416328;11.68941544996472
my hand;19;0;2;2.9247766055198703;11.652282714463972
he might;22;0;2;2.7441871043053956;11.650461909596144
believe that;17;0;2;4.695719243909775;11.627356013731072
one who;14;0;2;3.2565672543964443;11.62697793366164
put on;10;0;2;3.933821866484101;11.584165917171573
how could;12;0;2;3.5018858979971155;11.559973691009395
he spoke;15;0;2;4.5046331820887;11.544715683364437
this matter;14;0;2;3.2659104145492086;11.52648448225208
name is;14;0;2;3.7134498622533667;11.524752678423635
which led;11;0;2;4.614793849117232;11.45200768639219
of a;168;0;2;0.9412606983921137;11.416841630041928
his wife;15;0;2;3.438900239012571;11.37602727532543
have given;12;0;2;4.090821277817879;11.350107866902436
to find;25;0;2;2.731757130258482;11.347333662148433
i heard;30;0;2;2.4144105468887975;11.329474497956852
of my;84;0;2;1.314692099309985;11.296445391165326
be happy;10;0;2;5.226478772735046;11.282251354143298
to tell;26;0;2;2.617659997485719;11.277626883143096
so that;37;0;2;1.9683371742964426;11.262307211096092
does not;10;0;2;4.1745680496216835;11.246547405862021
miss hunter;17;0;2;9.641510928975574;11.21837593196065
my sister;12;0;2;4.337722668402513;11.200533352610272
irene adler;14;0;2;13.260895771924702;11.198267432201419
i do;43;0;2;1.882419679341531;11.172779852727228
the whole;35;0;2;3.927046089338813;11.170145420471512
a woman;22;0;2;2.93695439843492;11.088343919587052
chair and;14;0;2;3.7413766969230475;11.072904110470851
back to;27;0;2;2.459570033239417;11.07229672401879
was not;46;0;2;1.7153003761651777;11.050643365225381
into a;41;0;2;1.8767452698637697;11.046197763968372
as if;18;0;2;2.7815394665477045;11.03833343556168
end of;19;0;2;3.589180203065358;11.037394591234003
whom i;15;0;2;3.6219913855082897;11.035242038787233
up and;29;0;2;2.1827784355004045;11.021969128920665
the police;35;0;2;4.0271415206458165;11.016784145779189
down into;13;0;2;3.175153898420775;11.013043515550299
against the;29;0;2;3.0808776759456356;10.992460066672717
come to;29;0;2;2.3160376338015958;10.98479690665348
should not;18;0;2;2.701912490155252;10.935033933459051
sure that;14;0;2;3.839052848662489;10.915045330847633
as to;81;0;2;1.2906522752681377;10.914852659977601
like a;24;0;2;2.5875614945825616;10.907011110050153
a good;26;0;2;2.4807386193085175;10.906440287536807
i understand;21;0;2;3.11293341202238;10.873700306200362
is no;26;0;2;2.2466816302067056;10.83894072719922
he took;17;0;2;2.9502638756490853;10.832232528103685
that they;23;0;2;2.479789401863503;10.79785758418439
for the;110;0;2;1.1264948786030748;10.776061282591696
understand that;14;0;2;4.505634491381912;10.773084462775074
all that;34;0;2;1.9591025431415137;10.765990949666044
do so;14;0;2;2.9758353246467;10.733455847579167
he answered;14;0;2;3.3980455935462768;10.718277993362465
all right;10;0;2;3.553722569823941;10.702563282493017
the table;36;0;2;4.291513567010393;10.697993225632187
it may;25;0;2;2.295458084981495;10.694457070655165
what i;37;0;2;1.8606531102910737;10.68478128765762
your own;11;0;2;3.377453944510254;10.647580535222813
i felt;19;0;2;3.761991918832158;10.610288601286783
his father;15;0;2;3.055113139682555;10.597654833458103
which was;50;0;2;1.5719277519434192;10.597311898288384
me that;38;0;2;1.8146980299441182;10.596242076561614
to make;22;0;2;2.701740922750527;10.594046661337112
you would;30;0;2;2.038453488145067;10.575978518100905
some little;13;0;2;3.0316539640162414;10.560062578536682
he could;29;0;2;2.0711070528620388;10.5336961577663
as though;10;0;2;4.866697845448387;10.518130574025415
at first;13;0;2;3.142263129888467;10.473360296509156
we should;16;0;2;2.720657714190082;10.442070357637611
to come;29;0;2;2.171526533958202;10.430861314642904
possible that;13;0;2;3.6642403148993843;10.424999530450048
am not;16;0;2;2.724996857949074;10.41995056201172
at all;24;0;2;2.216524100826601;10.410952803161795
over his;20;0;2;2.478127112755325;10.41010806429728
will excuse;10;0;2;7.355763264821171;10.408427419875673
his pocket;11;0;2;4.345512033109426;10.393665305418898
i did;29;0;2;2.1809636517349063;10.361256081558281
i believe;18;0;2;3.570829103715773;10.354481287882807
you think;22;0;2;2.358988376107378;10.35409754722829
have ever;13;0;2;3.154670665211535;10.35027810903696
down the;50;0;2;1.6814840145126624;10.348389810048033
if he;23;0;2;2.250543151741757;10.283797964610423
but he;36;0;2;1.7749163570655306;10.215550131041587
my heart;10;0;2;4.094653471834443;10.212055269492085
ask you;11;0;2;3.708537074627028;10.195086841534563
i went;21;0;2;2.6899025129557335;10.177234346726685
had come;16;0;2;2.690409896930175;10.17131150563679
as possible;11;0;2;3.4222757675472133;10.159240478108984
a word;17;0;2;3.203212485737821;10.124902087739347
up in;29;0;2;2.0008180691932704;10.119104105456485
felt that;12;0;2;3.689280120984205;10.05058060797024
his son;12;0;2;3.3308970550070045;10.04876851828248
out into;13;0;2;2.873229914418207;10.047368639653314
her own;10;0;2;3.310034610314807;10.031783977294909
can be;15;0;2;2.703373036880908;10.01849640583228
seems to;16;0;2;4.069725321100794;9.980626717217847
among the;24;0;2;3.5654717671681464;9.966487992209384
no more;11;0;2;3.098313113601529;9.963318019365241
hand and;14;0;2;2.9938773655824584;9.936900051357602
i answered;18;0;2;2.961614223052256;9.89964769377863
out upon;16;0;2;2.5572357936954044;9.896349497711057
i took;22;0;2;2.4740802217293547;9.896231712597855
for me;30;0;2;1.8751688973752483;9.893348918258804
find it;14;0;2;2.9026888517564013;9.89140807809552
his lips;10;0;2;4.555978805066184;9.853844720651304
she would;16;0;2;2.5415808336705346;9.850593111743423
afraid that;13;0;2;4.980088288921458;9.831632080034815
have made;14;0;2;2.800999104490162;9.802349557687098
this way;11;0;2;3.0737282250397193;9.78447239669682
up to;36;0;2;1.761498655350843;9.769944270696914
appeared to;16;0;2;4.306137209998806;9.768014166760581
not be;27;0;2;1.9470139144863845;9.761921155944572
in order;12;0;2;4.208140682087565;9.76108715439018
when you;26;0;2;2.0028263798826864;9.757355989075457
had better;10;0;2;3.4238229904053723;9.756201810597753
a great;18;0;2;2.7396793063745126;9.700522898515128
the fire;24;0;2;2.9877200277164504;9.690295307460737
but how;11;0;2;3.09256218637271;9.682957402110935
and there;42;0;2;1.6151504073884517;9.673475744880628
with him;26;0;2;1.968466992096364;9.668897805565791
began to;20;0;2;5.035621154830827;9.665952175278353
his shoulders;10;0;2;4.824265526038085;9.649078045996474
used to;15;0;2;4.11805274660873;9.637940566373244
hope that;11;0;2;3.6608041001575042;9.62083675781633
in london;13;0;2;3.1868568137126907;9.619312972334658
and now;30;0;2;1.9404279274723812;9.599026579780997
give you;12;0;2;3.0666163428413737;9.582025334100345
cry of;15;0;2;4.261014795781255;9.569706866634347
we can;13;0;2;2.7530815058509566;9.569318369332354
of those;18;0;2;2.670782993638118;9.564225827162227
upon my;27;0;2;1.9097727625335184;9.561919377399457
read it;10;0;2;3.582370504238034;9.554858428983465
i came;28;0;2;1.9968320436119331;9.508290395155274
will do;11;0;2;2.924408061352147;9.46233382571688
i remarked;17;0;2;2.8378531477291924;9.444479059125847
a cab;14;0;2;3.645413315080677;9.432597891308097
until he;12;0;2;2.9359527648655543;9.42287696044994
to my;74;0;2;1.1576810677013194;9.418147155425062
which has;19;0;2;2.2422777038534907;9.417533769265736
it must;20;0;2;2.239804185967591;9.403267612977986
in england;11;0;2;4.124174619595934;9.392175124526082
the name;26;0;2;2.414584941521755;9.391910363204444
had seen;11;0;2;3.037473999699696;9.385485166549849
during the;21;0;2;3.0731864365390913;9.380683535154123
heard of;22;0;2;2.2377049047560895;9.374816991913017
man with;15;0;2;2.5065056092705964;9.361733068980273
to look;18;0;2;2.5670348264139085;9.314687101047086
should have;18;0;2;2.2859000669994862;9.29620694805337
all about;10;0;2;3.0165180943509555;9.294169618675237
with her;24;0;2;1.9639047726166616;9.287056430715893
the lady;27;0;2;2.271750464166325;9.267857809155634
this case;10;0;2;3.0391403600680884;9.26781392819384
of them;26;0;2;1.9901851608585512;9.236086636210342
my life;10;0;2;3.2379428723819066;9.20806108699947
corner of;13;0;2;3.694582321328287;9.195228596924544
face and;14;0;2;2.6723517344530863;9.166655503286822
when we;14;0;2;2.511242518916092;9.158130987468084
but what;16;0;2;2.3658762191294387;9.158024782607495
what is;26;0;2;1.8636816653222046;9.137460051686187
to know;28;0;2;1.8819629108033524;9.12916745611108
the facts;21;0;2;3.1002318025854736;9.115631983128855
part of;13;0;2;3.3960431319256514;9.108977139876824
and we;45;0;2;1.4529374605303542;9.097847584649909
a year;13;0;2;3.5735726717045857;9.092523252027652
your majesty;15;0;2;7.787292782712916;9.090569352311384
upon me;22;0;2;1.99771928228202;9.083692343257715
of these;18;0;2;2.459358241556343;9.071652918537701
i would;41;0;2;1.5206333912679795;9.064967329754808
see him;12;0;2;2.6891713699989968;9.064866502111862
they have;17;0;2;2.288782693318688;9.056126412581403
such as;11;0;2;2.842886799636199;9.052933473198276
away with;10;0;2;3.0086454453728195;9.052552574714111
could be;17;0;2;2.255295782384657;9.017387567903183
is very;25;0;2;1.8721709738662224;9.0041059064616409
to him;47;0;2;1.394235755788805;8.99575858378045
the last;30;0;2;1.989927685040806;8.991554656198751
time to;21;0;2;2.186223626109593;8.98658563558547
if it;22;0;2;2.0002098298807462;8.983968212251755
holmes had;16;0;2;2.331099973510414;8.975182272783927
the same;53;0;2;5.775615968588385;8.923833961184343
hosmer angel;17;0;2;13.448891894261632;8.907964719284314
the corner;20;0;2;3.375245762566325;8.888080718458728
pounds a;12;0;2;3.433283815505117;8.882734368011368
which she;18;0;2;2.1603092691032475;8.8676810199126
his hat;10;0;2;3.126205307390982;8.86730209703167
all over;10;0;2;2.8625911230020447;8.861463684700265
but there;17;0;2;2.2120843040408005;8.854434875209972
into my;19;0;2;2.101187822885503;8.843172165808657
i don't;13;0;2;3.743639958917337;8.831360761317622
but if;12;0;2;2.639642517806177;8.82476846411259
upon her;17;0;2;2.196427464111867;8.821689253583392
was quite;14;0;2;2.5397633026701825;8.798953753764975
come from;10;0;2;2.8637124261715985;8.79686579804622
door and;13;0;2;2.6470654026981313;8.783127130160702
he looked;11;0;2;2.943802618434916;8.779799957667237
likely to;12;0;2;3.9017740516841366;8.767533668382287
told you;10;0;2;3.053680104987586;8.76163637941154
what can;10;0;2;2.832510659401349;8.757333522927457
sign of;12;0;2;4.044715767568654;8.74872099004236
she is;26;0;2;1.7747388616434052;8.727154926319018
not only;12;0;2;2.6000045953370705;8.719189420490098
take it;12;0;2;2.704849976694864;8.712059248299958
it has;24;0;2;1.8596347177272676;8.701103845610579
a week;12;0;2;3.4192574929632302;8.69989104780908
have come;14;0;2;2.428395151409863;8.691751528757408
to ask;13;0;2;3.02174986894801;8.687802837654418
a single;12;0;2;4.007113532052397;8.667674752995278
at night;10;0;2;2.886964632592686;8.658469541599535
where he;13;0;2;2.5188330611946084;8.644021385041762
down to;29;0;2;1.726209326964148;8.638051482897593
stoke moran;11;0;2;13.616914486758008;8.634628041689497
was still;12;0;2;2.7265903489408525;8.631268002104004
which are;19;0;2;2.0409827177921747;8.628184045619353
briony lodge;11;0;2;13.280431028933208;8.621689938608828
the coronet;19;0;2;3.536389137423047;8.599281474704727
thought of;16;0;2;2.4567969338692746;8.598800110525843
before he;14;0;2;2.39666997188676;8.57704458466868
yet i;13;0;2;2.6049289117167387;8.568119412678765
which we;20;0;2;1.9735845867372603;8.565718324868065
is always;10;0;2;2.9259235352106208;8.52878154405501
who was;23;0;2;1.8526794707874656;8.508520704204384
account of;13;0;2;4.632932806267007;8.505396363077686
of us;27;0;2;1.7657885745205402;8.500547853712066
to give;15;0;2;2.5522008149201874;8.496835554175766
which were;19;0;2;2.0051397302879836;8.485458494625915
my room;14;0;2;2.36117911201462;8.442645741578296
the time;37;0;2;1.5917683612398092;8.437293257050722
thought that;12;0;2;2.645849575549202;8.378021755211764
of this;41;0;2;1.3856750314808974;8.374016949096575
air of;11;0;2;4.104050981989442;8.356325494063476
i cried;14;0;2;2.6821133847885616;8.348227968196806
a gentleman;13;0;2;2.749212209513055;8.306005844068931
his long;12;0;2;2.5472574162696597;8.302322678685261
a strong;12;0;2;2.953801736870752;8.291680686329537
has not;15;0;2;2.1945546659727846;8.291609185598828
to meet;11;0;2;4.05707546694479;8.260979576413039
that this;31;0;2;1.54761412538965;8.251947333719896
the king;21;0;2;4.270422782019351;8.234840518226427
of events;12;0;2;4.522305909369576;8.220786757739033
the letter;17;0;2;3.042106789855011;8.208908802000677
confess that;12;0;2;5.69094270810906;8.208293612833403
we could;14;0;2;2.2403694456132563;8.19794926160434
friend and;10;0;2;2.852646898428174;8.190326368558232
while i;12;0;2;2.5633838290831976;8.146694119606064
found that;14;0;2;2.319318522768975;8.124812768051509
i hope;12;0;2;2.947095420003361;8.1227458755983
i met;13;0;2;2.717589811041614;8.114326739499981
this man;13;0;2;2.2951343728060305;8.112904886220555
the inspector;20;0;2;4.222615457303549;8.108519051870404
sight of;10;0;2;3.7443967051545433;8.107641402523763
for us;13;0;2;2.304386515527165;8.077654551896716
order to;10;0;2;3.72664321066152;8.069327986277171
back in;15;0;2;2.224960534961154;8.066464981755367
if we;11;0;2;2.465456224157144;8.047021343547518
the lamp;17;0;2;3.6961050933317936;8.042994427264302
down upon;11;0;2;2.4649062628256724;8.025018230613078
between the;20;0;2;2.204130530625924;8.013356987771713
the windows;16;0;2;3.257559906954423;7.993914020128329
time that;14;0;2;2.273021818766439;7.988893153979785
over the;35;0;2;1.5157670683782332;7.977626331380286
i confess;11;0;2;4.1291978764184405;7.959464892686491
a low;10;0;2;3.9751099193307278;7.958549140454889
the stone;16;0;2;2.906114128256345;7.913215481537458
were all;12;0;2;2.32088734010169;7.910430829766774
to take;16;0;2;2.2051926165359164;7.905849788094186
appears to;10;0;2;4.161995947569174;7.901404098071768
the ground;17;0;2;3.8631711501716213;7.899630577951162
across the;16;0;2;2.640417706486448;7.886335822917607
not been;17;0;2;1.9556333502801468;7.882791588021071
all the;53;0;2;1.1838216776021935;7.8795682135323295
was only;16;0;2;2.065467097169456;7.875300018656258
it all;25;0;2;1.6331990819887783;7.865593889468421
which would;17;0;2;1.9535528566553264;7.852590023360607
i may;27;0;2;1.6249983443290912;7.844307350949598
though i;11;0;2;2.5756409689512356;7.8441045301260575
gone to;11;0;2;2.8443927056141574;7.834833850493248
seem to;15;0;2;5.3418975083288;7.834437682749248
beg that;10;0;2;5.515238425790926;7.831708436930236
had not;25;0;2;1.6052301332180368;7.809409426307531
with me;26;0;2;1.5717966581445748;7.7957056006980325
name of;12;0;2;2.609354017985779;7.791608232584943
i suppose;16;0;2;5.280428112143136;7.777430631492457
the road;16;0;2;2.7054075123937977;7.764573007705041
gave a;12;0;2;2.566242413814602;7.758291405165653
about it;15;0;2;2.080999087512488;7.750240575356835
in which;40;0;2;1.272432330888733;7.743035098894065
before i;16;0;2;2.0329177931255002;7.715235321238866
case of;15;0;2;2.2063018685705877;7.703903265528773
the second;17;0;2;4.063853817667104;7.686055246226444
the city;17;0;2;4.063853817667104;7.686055246226444
what could;11;0;2;2.348937168896553;7.68380527420623
it might;14;0;2;2.16172716190928;7.682486202367081
the papers;18;0;2;2.3092188472491855;7.671490607601296
and why;11;0;2;2.8530874045834604;7.663848474839245
to keep;10;0;2;2.9751999750133353;7.611965130800073
became a;10;0;2;2.864116722130231;7.595886164962123
made a;17;0;2;1.9966436929500082;7.586501183653492
which is;33;0;2;1.3613866135142136;7.585633135289187
him to;29;0;2;1.4863038771466677;7.5518008881005665
to her;39;0;2;1.2707922278856385;7.533678376679155
copper beeches;11;0;2;15.226374841221542;7.531750275748901
think of;20;0;2;1.806966587770562;7.51293852432395
him in;22;0;2;1.6678536708534377;7.505203977665211
the passage;14;0;2;3.2392275849247505;7.494606289810445
the photograph;14;0;2;3.127989977207849;7.489754226238072
of interest;11;0;2;2.6281667800338697;7.472094717930642
the country;15;0;2;2.64270804024093;7.465358491265553
the air;14;0;2;2.853517212825977;7.388551776470835
a note;10;0;2;2.7786857186117944;7.370170241562926
and looked;13;0;2;2.3336484719168897;7.364886019275251
to think;23;0;2;1.6391240688465794;7.357413671256928
the floor;14;0;2;2.776544198509771;7.336461412687758
within a;11;0;2;2.5118718058128433;7.336218700563555
i see;28;0;2;1.4747524889040715;7.320208557392012
i fear;10;0;2;2.824708068606152;7.301930661681307
to hear;10;0;2;2.723827712508433;7.277869194067495
a young;15;0;2;2.055552009034546;7.259457802263618
signs of;11;0;2;5.059608623061349;7.247536249642637
be a;46;0;2;1.11649424008148;7.244671707451514
in one;25;0;2;1.5051875562673254;7.236929678042409
until i;11;0;2;2.326413762792633;7.236125985024926
the hall;16;0;2;4.256160570555551;7.230348148919617
i fancy;12;0;2;5.001416351175417;7.216244407159204
the next;13;0;2;3.056351962195682;7.213349563195885
and what;29;0;2;1.4247752314488755;7.21217506147658
you say;11;0;2;2.2688646624537308;7.1839943516879705
the office;13;0;2;2.956256530888678;7.18047535660669
a question;10;0;2;2.6480308440871823;7.168706420430927
went to;13;0;2;2.1967314284357133;7.154427791031381
about the;32;0;2;1.403943356378329;7.152731730556731
is an;19;0;2;1.681226034410865;7.1327633663075805
to put;13;0;2;2.1875062047737637;7.109723638527565
the old;20;0;2;1.8867375926389793;7.107019131168827
is now;13;0;2;2.0313475113826582;7.100159111400551
the best;14;0;2;2.516985108870758;7.0823922537221735
a most;15;0;2;1.981931591574047;7.047205002670275
in every;11;0;2;2.2722393554815614;7.043166853206017
out from;11;0;2;2.1476363656737405;7.043033871030416
as it;35;0;2;1.2245680865672686;7.034508343261104
but it;29;0;2;1.3396546442730788;7.015617291588682
a pair;10;0;2;4.930667610607889;7.003684460150867
but when;11;0;2;2.141929825271916;6.99451175413354
the way;27;0;2;1.5264528180082637;6.987075702120585
was so;21;0;2;1.5724297319684912;6.980792079265481
me with;16;0;2;1.7761959507133995;6.980452067944298
my face;11;0;2;2.1684331048958914;6.978332100246496
are very;10;0;2;2.2170061355508754;6.956969342499839
where i;13;0;2;2.008780997936883;6.91088111284332
be some;11;0;2;2.1122234392133974;6.90969960393994
but you;28;0;2;1.3374483240489718;6.890023950934072
by a;31;0;2;1.294767068873945;6.883001868873476
i wish;11;0;2;2.352392654260608;6.845701464581637
took a;14;0;2;1.9724260123089885;6.838772732413781
in an;24;0;2;1.4440807772590372;6.823459695418554
and let;11;0;2;2.342110905741746;6.815878853727264
with your;16;0;2;1.737679823237277;6.815214725140819
for i;37;0;2;1.1569085252859215;6.814759223515429
the night;21;0;2;1.7220805156348518;6.80211664548873
i say;16;0;2;1.8327383286770433;6.750897459702523
at me;22;0;2;1.4698873008328945;6.748713893007287
what you;20;0;2;1.5423714561261201;6.728171974461513
of our;22;0;2;1.5071739068782186;6.681555718524659
the garden;11;0;2;3.275176845304491;6.6716304692793384
you were;20;0;2;1.5317958113987125;6.666450620880893
for it;30;0;2;1.2495765219960138;6.664099077891167
at my;26;0;2;1.3376261577315076;6.662014874034892
the light;20;0;2;1.7278933750959742;6.659532695403965
which may;11;0;2;2.0366551891709026;6.644850173964266
round the;18;0;2;1.8032946172893403;6.626124506479272
as a;55;0;2;0.9293204087978344;6.619396654906787
the colonel;11;0;2;2.8956513062095808;6.601334502568226
but she;12;0;2;1.9236499115580816;6.580016950233713
in our;17;0;2;1.6582530085672147;6.575103108072162
have you;34;0;2;1.1549061562904486;6.552777552181179
the truth;11;0;2;3.6429255696398006;6.549549355436252
as she;14;0;2;1.776581710707195;6.528981207712862
beside the;11;0;2;2.5747442658500965;6.516128382726872
which you;30;0;2;1.2185447513073449;6.504320248896847
the paper;14;0;2;2.140411742445888;6.501870102542015
i passed;10;0;2;2.324612897057;6.487839146072883
do with;11;0;2;1.9784671478940918;6.48734013869899
i got;11;0;2;2.182904883407965;6.4855252807053985
amid the;10;0;2;3.6537657723260684;6.482658934121072
way to;13;0;2;1.9364811916209987;6.46421501042411
all this;10;0;2;2.0535956013497807;6.459637203110778
the evening;13;0;2;2.239447143206554;6.443906294252982
it out;20;0;2;1.4802116755931776;6.435678922954527
closed the;10;0;2;2.80639651439134;6.426739899228148
saw that;10;0;2;2.1199081284987744;6.4108107613474825
and so;31;0;2;1.2091710613631683;6.39917645147677
are not;12;0;2;1.8661066829885966;6.395496906764536
to leave;10;0;2;2.239868807506584;6.385964963273512
the coroner;13;0;2;4.391436834164701;6.376701174645361
be no;11;0;2;1.9370352853287196;6.362714306445782
be so;12;0;2;1.8490025645364314;6.33859873200694
they had;11;0;2;1.9308097495304253;6.31035700934612
with my;26;0;2;1.2638943797439075;6.302259596973376
the cellar;10;0;2;3.5517748365302326;6.301880397794473
the boscombe;10;0;2;3.5517748365302326;6.301880397794473
the bell;10;0;2;3.5517748365302326;6.301880397794473
than i;14;0;2;1.7439461351659973;6.301419189128745
we will;10;0;2;2.0003239616630277;6.284982552603574
for a;47;0;2;0.952004324157163;6.278419542308134
number of;10;0;2;5.479078604087336;6.275397693736271
not have;22;0;2;1.3641168345480734;6.270360794126864
on my;16;0;2;1.5929120427298362;6.265065774647743
the direction;10;0;2;2.8045005731000128;6.260230504309318
for you;28;0;2;1.2118578738248313;6.25920859082643
he made;10;0;2;2.047451499685699;6.2574717866024265
it over;14;0;2;1.7168539978572182;6.236832388493653
in its;10;0;2;2.071119090302196;6.22633805798598
the scene;12;0;2;4.314296774052084;6.225912600172195
the church;12;0;2;4.314296774052084;6.225912600172195
could have;14;0;2;1.6898744082442074;6.219153726131954
the money;14;0;2;1.994652030228027;6.213451234077512
you did;11;0;2;1.9268855824180857;6.210003790444487
the carriage;10;0;2;2.704405141793009;6.193467598907785
door of;12;0;2;1.9079319059372004;6.152851040853521
as you;31;0;2;1.1314395650794298;6.14486118911063
above the;10;0;2;2.4835755209311086;6.125055191594437
opened the;11;0;2;2.2784189450238905;6.123378235405129
i presume;10;0;2;5.337210887771342;6.113114695661815
but we;13;0;2;1.71308084402341;6.11103544700739
from her;12;0;2;1.7688165462494334;6.079636061393963
i told;10;0;2;2.117917427063916;6.057106879331252
nothing of;13;0;2;1.785888833282545;6.041389182619321
the man;43;0;2;0.9976109296118034;6.033561137500181
that if;13;0;2;1.728112773249256;6.0130659244084095
was very;20;0;2;1.3781336850979846;6.012633053616126
the bed;13;0;2;1.9932422246941561;5.992749626641068
us in;12;0;2;1.7922609536071175;5.992687505359514
of such;14;0;2;1.7029710000290685;5.99143810488577
open the;12;0;2;2.0551839795520017;5.984272349704048
i never;14;0;2;1.7156686442568136;5.983158775502022
are you;16;0;2;1.5164170360063616;5.948661666860607
the end;15;0;2;1.7694923166298224;5.897532547630505
the centre;15;0;2;5.040782902139922;5.894246232135074
cried the;11;0;2;2.1352823968737322;5.885876104028237
it up;18;0;2;1.4212487757422703;5.884765745488911
the copper;10;0;2;4.139585445069033;5.881202545057588
not very;12;0;2;1.6981718147647307;5.837194490292954
the street;19;0;2;1.5091193902971956;5.831231926129404
you could;16;0;2;1.4788258552476363;5.791480873522404
his room;10;0;2;1.8624083486018654;5.772484834744998
the front;14;0;2;1.7816462006499778;5.733723331965406
and how;13;0;2;1.7003254198493654;5.724636004052952
that the;149;0;2;0.4971933580586816;5.717630608556357
heard a;13;0;2;1.667580536022431;5.705365783813687
the world;13;0;2;4.902274429534049;5.695193936573111
he came;11;0;2;1.7574731733492213;5.693701080749838
which had;22;0;2;1.233572236993128;5.684186584178633
you should;13;0;2;1.599535761475126;5.651386365805115
near the;10;0;2;2.1372278781687233;5.62764761355729
the young;18;0;2;1.487819073249106;5.613603098812615
in your;21;0;2;1.2589549503525066;5.612798682901538
upon it;20;0;2;1.278781376600847;5.611027605355401
to his;63;0;2;0.7345682050032618;5.6105508918599165
down in;15;0;2;1.4852671998160352;5.598832726793332
holmes was;13;0;2;1.5839917768237362;5.589190397803177
of mr;14;0;2;1.5643016290477694;5.554623194148672
what was;19;0;2;1.295996916252129;5.531888464628437
for he;23;0;2;1.1740396123278916;5.52828564460669
him that;16;0;2;1.4105066001628939;5.5118056102161574
from my;17;0;2;1.355079716783453;5.511138802615198
he did;10;0;2;1.7775691323154068;5.500130847138725
were not;11;0;2;1.6618584630309083;5.487631488463134
so i;20;0;2;1.2546692958718308;5.477989954707752
the day;18;0;2;1.4257357600595673;5.41659358397731
in such;10;0;2;1.7666328946744048;5.406759411073561
at one;12;0;2;1.5727594613335611;5.406135381489914
and he;61;0;2;0.7200076444167571;5.404725808669974
in her;23;0;2;1.151415804911173;5.381316643351055
without a;10;0;2;1.7965300144917822;5.376235369121762
and that;86;0;2;0.6028618075406049;5.363450021689251
under the;11;0;2;1.8643241272582687;5.358144487081111
from him;11;0;2;1.6020554259554256;5.299116369938521
to you;63;0;2;0.6882458043726123;5.263594134223765
a lady;10;0;2;1.760322818878104;5.249725775691657
said that;22;0;2;1.1436987558149943;5.248390677352529
by his;15;0;2;1.373483654745816;5.2465865625184165
to have;53;0;2;0.7457548179081264;5.236038046829581
save the;10;0;2;1.9189148032163978;5.229162590325122
take a;10;0;2;1.7344484568527556;5.212965495028215
at his;25;0;2;1.0616847047083282;5.209123257138209
have not;19;0;2;1.2039434030994647;5.173549196720876
now i;10;0;2;1.6712626423673487;5.160973761188788
had an;12;0;2;1.4902069328866796;5.126546298947297
have had;23;0;2;1.086233438227222;5.1221843357341195
the strange;12;0;2;1.6892450148892832;5.112438410806828
up his;12;0;2;1.4820997647757634;5.077946777992931
you do;13;0;2;1.422465274425618;5.05250710151073
and took;11;0;2;1.610817081892689;5.040596356290811
i might;14;0;2;1.406910528280568;5.011885514559724
for him;13;0;2;1.3940727728121578;4.995233144145604
do it;12;0;2;1.4558179058668097;4.9833604326519065
upon him;10;0;2;1.57340158620022;4.980155343446329
have some;10;0;2;1.583029603576795;4.97844203582873
after the;17;0;2;1.3189014222740907;4.975916263654464
will you;12;0;2;1.4379583214050768;4.927880382332102
for all;11;0;2;1.4774945560728288;4.88649789569882
of their;11;0;2;1.5411251584326449;4.882728376465698
go to;10;0;2;1.610379971729547;4.859397621451522
and a;122;0;2;0.459277313074578;4.8508736871221
the point;11;0;2;1.6654276059566588;4.849959388428195
he must;10;0;2;1.5515549598958551;4.8404659071715255
in spite;10;0;2;6.977160678506381;4.819481726649322
me at;12;0;2;1.3951648510833419;4.814582996868449
to your;25;0;2;0.9952925093298188;4.808196011937763
is all;14;0;2;1.2972244102701151;4.8021503676699915
me as;11;0;2;1.4494357361882848;4.801074103667607
away to;10;0;2;1.568672583622606;4.746070124402517
is so;13;0;2;1.3280077400889674;4.7425599575912685
of her;28;0;2;0.9241502144677431;4.731593090564442
see it;10;0;2;1.503924057633108;4.715989012624187
in some;14;0;2;1.2764654446809671;4.679595005792766
the place;12;0;2;1.5044270743343664;4.65859859949363
quite a;11;0;2;1.4531471062375694;4.64795685665444
with you;25;0;2;0.943369327848568;4.636243934702137
and down;20;0;2;1.0770487166472469;4.634854489498078
with an;11;0;2;1.3960813088964796;4.616961984659078
to mr;12;0;2;1.3816635226504994;4.601822279729759
from a;30;0;2;0.865091971622614;4.59932405420757
the right;17;0;2;1.2167789427627218;4.591218921419769
i beg;12;0;2;6.61087746075627;4.583426158291678
for an;10;0;2;1.447743977582332;4.580514071921819
of your;24;0;2;0.9654450471484592;4.579542050034034
me in;20;0;2;1.0429222752296097;4.575559330332739
heard the;17;0;2;1.1974214630621214;4.565771666398629
have a;47;0;2;0.685043112329728;4.5526479900922245
spite of;10;0;2;6.577702441299753;4.543759828743011
and found;12;0;2;1.3684042082118388;4.53501597202893
on which;10;0;2;1.4309816163674047;4.532969695896738
the only;23;0;2;1.0142163115608374;4.509290695210439
was an;15;0;2;1.1798739353015808;4.506938552439784
like to;10;0;2;1.4776198534213685;4.494993185081416
on a;24;0;2;0.9365454000022497;4.45777730936843
who have;10;0;2;1.4082172543207219;4.4471176248955375
the great;12;0;2;1.4123602653978504;4.418612467571883
us to;12;0;2;1.3088233228182826;4.3819939373742844
for my;18;0;2;1.033434261936074;4.339605911187131
into his;11;0;2;1.300842338044614;4.294493227267238
out his;11;0;2;1.2893576638591453;4.257592794616531
while the;12;0;2;1.3337946914268723;4.248582187759617
that time;10;0;2;1.3627586704045593;4.247856389392254
said my;13;0;2;1.18141872922385;4.241565826598236
and made;11;0;2;1.3284505717718007;4.233170269635895
and saw;10;0;2;1.3942364724766665;4.229569273935116
what it;14;0;2;1.1392182297267746;4.226485586308316
at this;11;0;2;1.2716841031500827;4.216725576272164
of some;17;0;2;1.0468036079086591;4.1888147876365425
the stairs;13;0;2;6.000898689662199;4.16662261503955
just a;11;0;2;1.2819074429936217;4.1348404453456356
out in;14;0;2;1.1094456945110882;4.0939188517415905
of it;57;0;2;0.5590945150496358;4.087798138593982
what he;12;0;2;1.1830291054110642;4.085195900873982
man of;15;0;2;1.0781869916400284;4.061724709389811
it will;12;0;2;1.1821539296139028;4.057800970256195
to this;25;0;2;0.833362980979619;4.048802254738153
the contrary;11;0;2;5.8401980336760975;4.04250910243202
the latter;10;0;2;5.749047300566529;3.9715442545735637
the top;10;0;2;5.749047300566529;3.9715442545735637
of an;21;0;2;0.8666306962436994;3.8661711556218177
of any;11;0;2;1.183431859955867;3.8208094093362597
upon which;10;0;2;1.2020761586257298;3.8187329643219177
up the;28;0;2;0.7614521259693063;3.815259862390027
where the;16;0;2;1.009721971097799;3.7930159611621868
is one;11;0;2;1.1356796990848244;3.760788635503819
you not;19;0;2;0.8690878044174868;3.7455469513043056
the two;18;0;2;0.9083738329770594;3.6129213374882245
was there;12;0;2;1.0482266512106966;3.6101068343996845
from which;10;0;2;1.1353184940245264;3.6092509294786015
the business;12;0;2;1.1108437527200383;3.576838088682389
that our;10;0;2;1.1356754239644888;3.564925829115435
the little;30;0;2;0.665575919683798;3.448863963281083
he will;10;0;2;1.055938649161734;3.337209226860253
took the;12;0;2;1.0209581143505746;3.3365400972429957
was at;21;0;2;0.724250677416022;3.2800197176046346
on his;11;0;2;0.980399799960538;3.255279009872523
that my;28;0;2;0.6043219048986046;3.144924467631178
and she;18;0;2;0.759285382322918;3.1436408275540573
the left;12;0;2;0.9600636692864626;3.1284384354286643
and his;53;0;2;0.4425049259639757;3.12615371569847
it were;12;0;2;0.8982377529281669;3.101952875308858
had a;36;0;2;0.5214979356964888;3.0565265718144476
it had;23;0;2;0.6421344103647351;3.0415537169768547
out to;16;0;2;0.7632399462267183;2.9965420779544387
saw the;11;0;2;0.9509051280765792;2.9955026575804977
but the;53;0;2;0.4291043488832078;2.987261894035232
and when;14;0;2;0.809963918604407;2.9655725150156433
to us;12;0;2;0.8661438607237981;2.9497471132072026
and two;10;0;2;0.9477113762393379;2.93930714582282
be in;20;0;2;0.6597302491459356;2.917037904718538
am a;11;0;2;0.8831000527806472;2.8919532922989455
take the;10;0;2;0.9599032008495922;2.8878635892618485
which it;18;0;2;0.6565195742807428;2.7668550069044673
with which;12;0;2;0.793016372822712;2.754621036750256
of him;22;0;2;0.5886112057751092;2.707611507398248
be at;10;0;2;0.8375790935340421;2.669788887447394
over to;10;0;2;0.8248267622135024;2.581231973999634
to an;17;0;2;0.6321788689833694;2.5632322147644673
when the;28;0;2;0.4988236058665514;2.5327944109621936
that no;10;0;2;0.7903504264989434;2.5012525782741055
that your;12;0;2;0.7155573920930483;2.4729503413295073
been a;18;0;2;0.5911612027223181;2.471720205236141
and the;198;0;2;0.18486146145437665;2.466112897807598
it on;10;0;2;0.7672696708405389;2.4356988925022733
the side;10;0;2;0.7994490616857122;2.414676455133904
you had;19;0;2;0.5551328090921412;2.40290080108302
see a;10;0;2;0.7401701053911025;2.3263043048812024
was in;36;0;2;0.3942777987564754;2.3238345777743734
is it;22;0;2;0.4969299530406399;2.309665988860128
the very;32;0;2;0.41598889971516373;2.2533334084991927
is my;17;0;2;0.5481766923003306;2.2511143569667187
not a;25;0;2;0.45708116355713857;2.2472545296374755
was all;10;0;2;0.7047734458718806;2.2399526572169934
or a;10;0;2;0.7018331718269404;2.2080955065142156
up a;12;0;2;0.6389201974531451;2.1959469468942556
at it;16;0;2;0.5267815986994893;2.1015152911021002
to our;10;0;2;0.6565778908222346;2.063311115604732
found the;10;0;2;0.6738405872423274;2.062436426423039
before the;13;0;2;0.5760020187282331;2.0084125782008178
that all;11;0;2;0.6038598815890959;2.006222904449423
it from;12;0;2;0.5585072900768289;1.9391170318198099
to some;11;0;2;0.5818034414147037;1.916907293286323
than the;14;0;2;0.5134142724208215;1.8605974984534726
the more;16;0;2;0.4669200622017473;1.8002501789893126
but his;12;0;2;0.5163919093324827;1.797012164215714
see the;16;0;2;0.45282009227150644;1.7549208545301989
were in;10;0;2;0.5423387758116731;1.7246327551467633
one to;14;0;2;0.4558437880011632;1.6917042780966054
her to;16;0;2;0.4156285797138861;1.6462232252276532
from it;10;0;2;0.5116613709235511;1.6327928142001489
is the;73;0;2;0.1940400143301888;1.5942230532235726
has a;11;0;2;0.4315942401775956;1.4297727345518818
for his;12;0;2;0.39383865866514967;1.3720735651281581
some of;10;0;2;0.4329821932985971;1.3695791708223841
and your;15;0;2;0.35626237196165356;1.3661114517995754
him a;10;0;2;0.43037851584379405;1.3626547942940563
been in;10;0;2;0.417203309977737;1.3290804879599745
of what;10;0;2;0.41713504612821994;1.3190386160574241
at a;26;0;2;0.25166103914793814;1.265947613278282
that his;25;0;2;0.2526695647876358;1.2509640807640376
you for;10;0;2;0.3695856768816612;1.180460126309108
were to;13;0;2;0.32094878518993664;1.152741951332152
of all;13;0;2;0.3054381493994134;1.09707398030151
which have;10;0;2;0.33826818535317615;1.0820568296540245
that her;10;0;2;0.3370872602190551;1.0746286241492256
it not;12;0;2;0.2995186792997382;1.0430976880041702
are the;21;0;2;0.2226190347689747;0.9932424834472233
is in;23;0;2;0.19249410669689437;0.9161939176489304
it for;10;0;2;0.26267279353774553;0.839321329950739
upon a;15;0;2;0.2173531541426943;0.8385678938482797
and as;23;0;2;0.1770534936164796;0.8380051935591435
you that;24;0;2;0.15328096096430244;0.7451241924577603
it as;11;0;2;0.20166157941163654;0.6745174507322995
when a;10;0;2;0.21022855425864728;0.6683260671714768
the back;10;0;2;0.19067373609134952;0.5936822822744429
and has;10;0;2;0.18230609645359364;0.5779797062163372
are to;10;0;2;0.17471862120529602;0.555229532500676
that was;27;0;2;0.09266438963290291;0.47696377434543685
and on;11;0;2;0.09822757015687866;0.32637035736789727
and an;11;0;2;0.08517268138115597;0.2830603647116213
and by;10;0;2;0.07837562105493356;0.24896108421036564
not to;18;0;2;0.05534419418966019;0.233537468367899
out the;16;0;2;0.05308801661432616;0.20873690862610478
what a;10;0;2;0.03797767897632687;0.1210499102804028
is that;18;0;2;0.027565014594068682;0.11680732021172521
and it;38;0;2;0.013028700499502222;0.07895709238036304
and all;11;0;2;0.019279558489077253;0.06414587843123669
me a;11;0;2;0.01896272500709628;0.06325803606959127
of which;18;0;2;0.004379129669522808;0.018489402520086476
with it;10;0;2;-0.010764771911251803;-0.03449974278805991
that which;11;0;2;-0.01960711533396875;-0.06564995860842415
on to;10;0;2;-0.022069002011499084;-0.07034629063428811
if the;14;0;2;-0.02067053334227298;-0.07636683481418949
have it;11;0;2;-0.025248397485828633;-0.08465407811859745
at that;12;0;2;-0.02476236674629817;-0.08646533340670955
and were;10;0;2;-0.047436706010542284;-0.15099909497775477
be the;32;0;2;-0.0523578520978929;-0.28933013463962676
the one;18;0;2;-0.07524793149874176;-0.31351506455802625
and this;11;0;2;-0.1115677320308901;-0.3719638307178545
you to;33;0;2;-0.09189013821574887;-0.5213248516732183
in it;19;0;2;-0.136896094808594;-0.5959688464780761
be of;14;0;2;-0.16688873664731618;-0.625939322371334
but a;14;0;2;-0.17434479951293325;-0.6542396683641036
said the;21;0;2;-0.18395684737665308;-0.8304763657336365
it in;20;0;2;-0.22104167423928534;-0.9871155310297011
was it;13;0;2;-0.2848306239489613;-1.0352598072458694
and my;22;0;2;-0.2306187169250462;-1.0751988815478981
and for;12;0;2;-0.32198733906525767;-1.122137455316588
is to;24;0;2;-0.25063636507526166;-1.2205163115684339
and not;13;0;2;-0.385894203943125;-1.3984071793887294
was his;10;0;2;-0.4626433155083993;-1.486018371850579
to a;59;0;2;-0.20559510595974295;-1.5485795167338587
and you;27;0;2;-0.3023609107092273;-1.5585016555749078
and with;13;0;2;-0.45299735450442125;-1.6427744375036186
of you;23;0;2;-0.3451475783643976;-1.647926550667545
of me;11;0;2;-0.4982947047122872;-1.670686476100791
in that;19;0;2;-0.4033787566453739;-1.7594869104588007
and was;31;0;2;-0.35604331906295883;-1.9640086936291126
and had;16;0;2;-0.49159302166867436;-1.97064223848161
was the;61;0;2;-0.2636380364568227;-2.008458162073321
and which;11;0;2;-0.6042359233441239;-2.0261230991741295
were the;10;0;2;-0.6496832576986722;-2.0704457965658745
as the;34;0;2;-0.36133333330844586;-2.071651358315083
you in;12;0;2;-0.6195175041548726;-2.170933749648966
it to;26;0;2;-0.4430404408661004;-2.2472826514512594
it and;10;0;2;-0.7239892700434658;-2.3280474274817964
was that;11;0;2;-0.7132614760303024;-2.3992996593916898
had to;11;0;2;-0.7413918383656215;-2.4907557254782264
to it;19;0;2;-0.5853181112938728;-2.5531818174678533
have to;12;0;2;-0.7703480838332446;-2.6982083352852633
me the;10;0;2;-0.8495795972658624;-2.7150021374331055
is of;14;0;2;-0.7708556571651273;-2.9070222308430944
have the;30;0;2;-0.5639740832163156;-3.05270066056886
and in;30;0;2;-0.5816093659731516;-3.1648075219501153
you a;14;0;2;-0.8865397935543036;-3.3461796089648286
and have;10;0;2;-1.054894950219397;-3.3917779040616414
that in;10;0;2;-1.0830398905660412;-3.486870418736283
that a;21;0;2;-0.7725363279903328;-3.5429088478388304
not the;12;0;2;-1.05878164616185;-3.6997554032413427
of that;18;0;2;-0.8917969719376964;-3.7982033875455725
that of;19;0;2;-0.9202957626468704;-4.024294939715862
was to;13;0;2;-1.1158906743058363;-4.06904046801065
had the;18;0;2;-0.9651472100504974;-4.096185477429226
was of;12;0;2;-1.1762093481424847;-4.129232385561625
which the;15;0;2;-1.06919036964337;-4.159490070027081
to that;11;0;2;-1.3884513415102901;-4.679894404667752
and to;37;0;2;-0.8578317521071352;-5.180875426200088
and of;28;0;2;-1.121104408790746;-5.9218252734890005
